thrust,burn_time,mass,drag,angle,diameter,propellant_mass,wind,apogee,velocity,flight_time,isp_vac,c_star,cf,chamber_pressure_bar
1591.6974406972504,3.3191946232004463,84.33683193737288,0.46617483271052146,82.83490890068647,0.19774211490946633,23.63056592585258,7.1700691029481245,1487.1782434170977,41.85958108632923,10.40733355737284,315.13,5772.75,0.5355,20.0
1442.8602887299717,4.045700425583655,84.20660334512071,0.32929177977599294,82.61471525616689,0.1549022912971118,17.2261967996507,5.826879071113959,1494.2620816002293,43.61015547466687,11.236097761056987,315.13,5772.75,0.5355,20.0
1183.2090250996307,4.883058450099018,86.52550857013071,0.49195408832108906,82.71067166822735,0.23991284076742916,28.166939376455208,0.4483058194729783,1456.3505603864367,33.82529635033972,10.005084750761455,315.13,5772.75,0.5355,20.0
922.6779709562701,5.706625388941092,89.45021312921554,0.5186217087242719,84.91885758994094,0.245886048808943,11.694578406271338,5.589119126344707,1405.1296197721626,10.024696712675757,7.034238740662086,315.13,5772.75,0.5355,20.0
1931.9747749391452,4.069325611557244,92.47722303319941,0.554663021891326,76.36993048864586,0.10652985843962078,25.339442929069648,3.9033722065370204,1570.837238426976,60.572813560451195,14.159933603086639,315.13,5772.75,0.5355,20.0
901.8595883902542,6.425299628645751,91.07669940148227,0.5528279374517837,87.38319221034428,0.1627660316226061,24.778360074547102,4.094549246007659,0.0,0.0,600.0,315.13,5772.75,0.5355,20.0
1789.5789298387913,4.910411889563041,70.6965481569917,0.22553851398546804,89.55768981082895,0.24863991186457954,20.982191235117284,3.938982204854289,1841.1756884077743,93.3750175004516,21.730264915537457,315.13,5772.75,0.5355,20.0
965.1642204692246,7.867478308368296,45.77098951646734,0.3895776550801259,88.22069558035209,0.18252875642050828,33.03621931909211,5.427803715267744,2036.2062006377816,113.6523793328932,27.279360689555073,315.13,5772.75,0.5355,20.0
929.4369459304501,5.7194157913574895,84.47840432222675,0.3513991235183035,79.45105968328747,0.2909317917685448,26.198302417462912,4.910737852814301,1417.4996751517049,19.406023363351334,8.144130879444415,315.13,5772.75,0.5355,20.0
972.4350920868018,5.889922742025826,72.23927033354674,0.4718638443722453,85.45073170842176,0.1711576580111241,26.530937204771,6.981342569922729,1474.39809913982,38.522862882086244,11.726275089223916,315.13,5772.75,0.5355,20.0
1486.444063451831,5.11065765975432,86.24180771394789,0.4400460431796658,75.43824620723652,0.28338958990636476,13.987494280394817,2.153827454288788,1544.9665002376398,56.607099710937916,13.97424872358686,315.13,5772.75,0.5355,20.0
1414.6581797233557,6.010764308188218,77.11331614154541,0.2473114881961177,83.1928341597459,0.13538759704063755,11.13153113198713,2.9404538059618512,1658.0336678634355,72.182075481611,18.109004514154606,315.13,5772.75,0.5355,20.0
1243.193400645726,5.367351601407405,66.70524898391508,0.2057895014261545,83.61417462769444,0.2554125505274585,11.545731432774694,1.7040305990805482,1614.0050690561775,65.57520374782825,16.421865896724963,315.13,5772.75,0.5355,20.0
1963.527196465321,5.209166461675927,98.28902919221548,0.458664690076362,78.64246211648397,0.2553026621628425,17.991295247210974,9.97176446439371,1649.9131787467722,72.51748977713532,17.322702844663937,315.13,5772.75,0.5355,20.0
1523.0248830895753,5.422319891028071,79.3522650293397,0.2029663987137268,87.6066251210971,0.13816995253360373,34.43128280997789,8.711157728269983,1646.7385786040577,69.75657912981289,17.40450416469985,315.13,5772.75,0.5355,20.0
1776.30802052433,6.049721824695505,60.87419640786287,0.49254903661489213,83.32729366868966,0.17955029545906656,31.833295331994275,4.640906953812842,2313.2925998589544,138.20041253237306,30.452257328715863,315.13,5772.75,0.5355,20.0
889.9698636852046,3.770829085233773,49.465266700735796,0.3847511548485997,87.90853410274582,0.12005059067405476,13.470079464962755,4.6419649609515625,1491.823493962049,42.54738362421747,10.937767189129854,315.13,5772.75,0.5355,20.0
1363.6143316585715,7.044139092506529,67.39080889737546,0.4188213766131248,81.42058852538058,0.22001128073460025,34.714591831077605,2.533705659488825,1864.6284154598804,98.15113637920814,23.55306354151986,315.13,5772.75,0.5355,20.0
913.3476510975531,4.332040498630517,63.96981668319219,0.46358971107515284,89.1564730407334,0.15340869695209527,23.927991643468147,2.4894474362569885,1452.4686408319708,32.100981322777685,9.36732224218182,315.13,5772.75,0.5355,20.0
801.3578592255672,3.7784033039246356,94.96097924996502,0.29193357853393903,89.23088437805474,0.2627735412461428,29.454346412687695,7.567681182469013,0.0,0.0,600.0,315.13,5772.75,0.5355,20.0
1989.7000625739815,6.289833184074546,59.87089262653844,0.4370142760313773,86.07576785153012,0.20214627314856326,38.858398312267184,0.51734625548018,2759.1511875876577,168.83563461850102,36.43508082470913,315.13,5772.75,0.5355,20.0
1585.6149804665429,7.195610018091872,47.87495892942949,0.4942977272682481,76.02644093977148,0.21801872375515113,11.913040172656757,8.153536162646702,2955.311776745571,190.4571940574761,38.817375170237625,315.13,5772.75,0.5355,20.0
1931.3047529623652,6.625103067394462,73.52302957821266,0.33607796413232977,81.56870902354274,0.2699458181771398,38.687654741360305,1.295398189292366,2255.32189571574,133.1334532505834,30.03624083107531,315.13,5772.75,0.5355,20.0
981.7773569226315,6.354293073359449,86.57022840640386,0.5160732315028964,80.60012920431417,0.16130027338598524,25.785850255929287,5.722502166133852,1428.7208608630435,24.795219627332074,9.566221008346078,315.13,5772.75,0.5355,20.0
1758.8603990134866,3.7971013231557973,40.697281317768336,0.2479890868922235,82.57230399436334,0.21549318978063023,15.827180779089126,2.7427766213057314,2293.403218772036,135.89711383868067,28.8903358965197,315.13,5772.75,0.5355,20.0
1400.7665997914683,5.353198818777152,84.77387537308135,0.21147009298679148,84.0838706249609,0.27100245379137344,33.8905018723632,7.258181553399781,1546.0467147585907,54.08083057108803,14.21630723089806,315.13,5772.75,0.5355,20.0
1598.9658057013298,6.435864439708194,68.20018870573242,0.27379662368859187,85.0844227943116,0.26989144726525477,27.984236908169404,3.9738799249953125,2005.6157618461286,110.38236232951618,25.864930885083854,315.13,5772.75,0.5355,20.0
1482.4333419262352,5.618356010932853,40.40646783427832,0.4422014740449837,82.8283932808968,0.22333759534827513,10.254886255530042,9.158786002992379,2674.670918537858,166.62176281768572,34.84439291100891,315.13,5772.75,0.5355,20.0
1279.386248117461,3.4707049326320947,74.62293456614636,0.4707615616976475,82.31265832622174,0.24121472825417453,18.26186378090454,0.43205778500543746,1468.7299394065594,37.2510431072377,9.604664386014631,315.13,5772.75,0.5355,20.0
1489.6374865701841,7.619794806541611,50.89631533615572,0.3282819813080395,88.51899863925907,0.27660051282541587,13.901765214906625,5.350443495313324,2845.199412309407,173.27527439404923,38.290029220102305,315.13,5772.75,0.5355,20.0
877.0318469483107,6.793922543730153,67.99631957153693,0.28329427049911315,87.21409020297939,0.2617005686487467,36.4899541571057,9.290907519966998,1478.3342075149144,39.33829098084004,12.647878639487612,315.13,5772.75,0.5355,20.0
1197.9086550287273,6.519489623543221,65.43882647280493,0.2928897633692317,81.03287359337483,0.14772973236465736,26.32429279752159,3.3427843887141693,1691.8388318804957,77.64183946305778,19.3331324263009,315.13,5772.75,0.5355,20.0
1437.6117536354593,4.253779553566824,59.808288230112026,0.3519988718435211,86.2906736155038,0.23244847090555845,24.25804836500426,9.937576832077472,1681.8914617666817,74.92375815862306,17.572108177051163,315.13,5772.75,0.5355,20.0
1810.9535998700708,6.802825057968085,46.979064957846504,0.29817397559619346,88.73360961015098,0.25706915921682394,35.86557653690163,6.959129355674969,3585.5386101057516,215.87642255044008,45.39997452206063,315.13,5772.75,0.5355,20.0
1217.6040896877648,7.161185346604735,99.11821574304746,0.3190123920909037,77.61183808082974,0.2815029062601523,38.89358647157016,8.210130952882402,1466.0564914499928,38.717744631686344,12.339272810543836,315.13,5772.75,0.5355,20.0
1472.8908042382843,5.865947566677898,55.54261011618864,0.4750883608461847,81.60090487211224,0.2077247045419734,19.002593064515924,2.418969773920635,2064.384135825858,117.9561919973807,26.439661009128418,315.13,5772.75,0.5355,20.0
1584.6788628640552,3.789533306119854,99.06160988260757,0.43661093594752975,77.86643105966087,0.11989208142561406,15.499051760053248,2.6910975241557256,1464.3578327745515,36.875985053787105,9.593381250593069,315.13,5772.75,0.5355,20.0
1854.0279749199412,7.985487191520809,46.84360602152469,0.5711867185470454,79.2621689590809,0.1783246447357247,30.46794974700151,6.372275605097764,4168.241940944696,263.0006030268333,50.14510549117782,315.13,5772.75,0.5355,20.0
1053.688670989778,3.3631561630921154,60.28668110464954,0.5991862447397993,81.05899924947292,0.2649225936941974,18.35647942443733,0.5133999303758285,1466.8206401332418,36.923970769308674,9.424545356045279,315.13,5772.75,0.5355,20.0
1238.0806945779332,7.799985863848106,48.098728201467814,0.2942896493193725,79.78008714162436,0.14673136858064725,17.291274656855208,0.9853673953987507,2449.996595845967,149.83521345077293,33.469015935762606,315.13,5772.75,0.5355,20.0
1444.0933455476525,4.2128899344633135,74.41023405759192,0.42083147086458167,78.87759351625935,0.28056126379801405,17.489046682037134,6.650877038806425,1547.3893083837968,55.49981144058971,13.45092530993089,315.13,5772.75,0.5355,20.0
1504.2801407088168,6.481569970737734,96.85946617048543,0.507398602361222,81.42806132658345,0.1801280116131212,18.4764974415227,3.0080459286478636,1569.4764663998494,59.157862937082974,15.821119181823054,315.13,5772.75,0.5355,20.0
1061.4239213751098,6.548748564257836,47.99454637089765,0.2367738294221661,88.6342134791868,0.2681459712462853,27.031764816048828,4.597319066986014,1916.0619324801494,101.39345187065081,24.273818541971675,315.13,5772.75,0.5355,20.0
1527.709304345587,4.260508717282253,45.03374408153871,0.35999150930006885,79.5804797416842,0.2562924525270941,38.131370730090715,1.825188422930819,2030.9166959991971,115.35101629814001,24.89034021153495,315.13,5772.75,0.5355,20.0
1386.8179772422534,5.4031312200289765,87.36900892418257,0.25110418059681383,76.17104234638981,0.13469960606234677,34.75624328899738,6.426906262752022,1522.1714301940399,51.84005270225142,13.347581237967274,315.13,5772.75,0.5355,20.0
1055.0432117110365,5.83088653002187,81.8982629880744,0.3214724994942052,84.45230611779803,0.29335163654368235,28.89355740348346,4.991485555724954,1458.906224718401,34.395186075088866,10.911481222767724,315.13,5772.75,0.5355,20.0
1474.0073273650037,3.5632903579645805,75.90411620222145,0.4105001588728735,75.01322908701118,0.10348089093765281,34.72970109667136,1.3343659235433325,1503.090830095618,47.38908476948951,11.269623262980714,315.13,5772.75,0.5355,20.0
1055.4353058043494,5.359966895358687,86.35668410639803,0.42986675405708974,89.03398688235134,0.14664820271387416,26.759203454241874,8.492687735212328,1436.7225723802117,26.84216673150196,9.254272661546855,315.13,5772.75,0.5355,20.0
977.8835354836963,6.329687261634573,57.18602885063512,0.21690130163835866,85.45040533222571,0.23887968820225158,24.203659112327713,3.1817838271021914,1620.6879494849438,66.32031521908486,17.294112167708636,315.13,5772.75,0.5355,20.0
1265.523927817854,6.422200584139635,90.70409222201226,0.3116747323587208,84.58048251311853,0.25807378897962885,20.4067908456573,0.7042635706088918,1507.8723268458282,46.512394598083986,13.58785858128468,315.13,5772.75,0.5355,20.0
1949.9525073476789,5.040401412027014,69.61268720347545,0.25239604259927656,77.65605058224094,0.16788673299198803,23.579948622107306,1.2956058234673562,1971.469295737357,109.99417106307307,24.353435592232145,315.13,5772.75,0.5355,20.0
883.536761600775,5.578068107259435,66.7645602558733,0.22439980871453113,77.59353298756574,0.1470870276863471,20.112922535304474,6.914513519059829,1458.383261544275,35.798470644060124,10.65028204280719,315.13,5772.75,0.5355,20.0
1096.2760421064372,5.056759007672939,62.59573946657188,0.27703413839744767,85.96969876675487,0.1691216702638939,29.667169358401004,1.8328736410914925,1555.1011822228047,55.47742631108229,14.322652503399462,315.13,5772.75,0.5355,20.0
1295.2445109114392,4.067053787969614,98.47240466174111,0.5956419795525796,89.50929287984573,0.22945428383758412,22.507286746016106,5.301583836778549,1433.1302561074433,25.48951092497294,7.938731166142587,315.13,5772.75,0.5355,20.0
1606.5160871811818,4.812547792816733,77.27844248370943,0.2429083745530934,76.25312534603263,0.1308326681869457,37.52075378587783,4.382787984812468,1631.5290748147713,70.6449058687039,16.5426363122828,315.13,5772.75,0.5355,20.0
1726.9966564960655,3.5345264401691203,94.60108901421333,0.5677163520463269,75.2874408143282,0.25035378881927517,37.08233440822078,0.16204094127459823,1485.5413110342304,43.115215069471574,10.46184788498522,315.13,5772.75,0.5355,20.0
1784.7298010610248,7.293685524154864,53.95430892670651,0.4696814307336528,89.40780192322484,0.24825023162692691,13.49848011463979,2.2077708078792266,3155.314328521851,194.4576807686396,41.32415251897021,315.13,5772.75,0.5355,20.0
987.2389773976914,4.506705273729111,53.77559644685651,0.36686633317754225,85.07942625210849,0.1974626492242688,28.257254837435887,9.630401661311485,1540.7648872687623,52.99061476560369,13.423508727356781,315.13,5772.75,0.5355,20.0
874.7946424681415,7.148262902015008,95.01661512693076,0.4809079798991545,78.15766049529006,0.2508161014746281,35.71852454387822,0.6274412598340184,0.0,0.0,600.0,315.13,5772.75,0.5355,20.0
1864.1974925004984,7.508778460443409,96.48358927215514,0.4190117417519549,76.37365470096269,0.11898561973110955,22.417820308723627,9.105116448257455,1853.945018496517,99.81344619543815,23.643588860032292,315.13,5772.75,0.5355,20.0
1456.8309814628628,4.843260176126525,47.26503384624461,0.4887345655872804,87.44758664265001,0.2997764813697821,15.361173598512174,3.407719448028744,2065.1975580992275,116.8185809054304,25.824142262752503,315.13,5772.75,0.5355,20.0
1991.335299814849,7.846175268262,59.31575509645293,0.31738636682559673,80.19246098390859,0.1573182352404479,14.44478060623783,2.171123617801377,3488.724130616175,213.31262984484496,45.0876198133391,315.13,5772.75,0.5355,20.0
1368.119869335957,6.575755188314533,60.18983377006906,0.4790675393644768,86.24309876913465,0.1424895421998154,19.41926684790291,0.8261785064204585,1969.6927613725434,107.53868335689286,25.25514496126642,315.13,5772.75,0.5355,20.0
1160.4775547340232,7.600570644487679,93.2562774092209,0.325434206648404,78.89481283127522,0.28531607990201857,16.727743445021048,2.799055372689183,1480.3187329178736,42.12089372729992,13.369898764753266,315.13,5772.75,0.5355,20.0
1303.792933871421,6.139214533877963,78.5008770203419,0.5379377438152211,78.41743077664124,0.12746250006726284,35.22853091377644,5.396460765989214,1586.160028311541,63.101142160475206,16.08779974088081,315.13,5772.75,0.5355,20.0
908.0826795733285,7.872293387522913,42.96558614663774,0.45445219788152047,76.47252053705434,0.2994327805847855,37.402966694482814,3.205123056780721,1987.3598292872093,114.67015290837219,26.310563674688662,315.13,5772.75,0.5355,20.0
1333.1001147058762,3.8262261938407107,95.23984337821375,0.22564059377137924,75.22883079524304,0.1816731591988366,26.15205504338862,6.280100354287871,1438.1085633477408,28.961330500428666,8.053845930161447,315.13,5772.75,0.5355,20.0
896.6503112684217,3.672578227323916,84.62062141109169,0.3309329329056263,86.39837598443545,0.15074575011001162,25.482193245790235,3.808898035617653,1405.1906293913498,10.083426448887575,5.607426349958965,315.13,5772.75,0.5355,20.0
1926.6568404817758,3.752841522743661,51.198868758129905,0.357945540403718,85.44609929096299,0.2547588922647619,36.57946515181304,0.7010310310690593,2058.2269979382254,115.6595802339573,25.107994608306246,315.13,5772.75,0.5355,20.0
1625.019142522577,6.255634168389006,79.10712521384212,0.380225777581109,79.60091024915897,0.2037345888548533,20.578379083684133,2.179260777237789,1786.0938175892481,89.91258897293619,21.374990559798192,315.13,5772.75,0.5355,20.0
1246.661459290232,4.158097555981719,76.60026073804198,0.4552274605514268,82.58618433418378,0.1571861455874313,10.813264079455253,5.741963770647462,1482.255069655299,40.780784541733,10.766219096397824,315.13,5772.75,0.5355,20.0
1398.9454549991158,6.786949778687916,41.723203230916745,0.24860063206703353,85.52718667102023,0.1034330588210925,33.84813052747454,4.161470475919835,2958.8811204846984,180.51106087706856,39.08254254438169,315.13,5772.75,0.5355,20.0
907.3051624836929,4.260094661196936,60.27757609650623,0.2626407403057055,80.6044463684314,0.1570380764028106,12.173271726095551,0.9521989421857469,1461.667430971738,35.646013842033724,9.807778528980952,315.13,5772.75,0.5355,20.0
1430.3704011504137,6.032137985781603,44.76687325063371,0.26244726482420194,77.51583512174855,0.24861182534733298,30.977829383930683,3.144709514154683,2464.292007815753,151.9374958984529,32.565448234050756,315.13,5772.75,0.5355,20.0
1453.302509750873,4.790934213359414,96.99223522134693,0.5093839655523388,78.08331814342593,0.1744729112787352,34.89504227555351,1.6764568319607986,1479.4696823455108,41.19551440523256,11.08812857058728,315.13,5772.75,0.5355,20.0
1344.943854250857,5.846208387958945,44.84226042942673,0.5028460176378831,85.03070387813858,0.17348252525282698,27.948977602923406,7.648877206347295,2280.749902281763,136.19302374043073,29.79054513739542,315.13,5772.75,0.5355,20.0
1551.4813114263925,6.009310989739438,57.702532224954695,0.2490362310941696,87.56078635547556,0.28353683342531155,25.887333824331254,3.3801572940393596,2152.2174381305063,122.78962179749973,28.079073035400164,315.13,5772.75,0.5355,20.0
1618.7989869592154,5.776729522971713,48.869431907149654,0.26090354755383116,77.42907333307573,0.27402785913662453,24.912556357944815,2.9009895280237084,2479.664516749659,152.80497133082278,32.63915803803163,315.13,5772.75,0.5355,20.0
1699.7141645437491,7.264639051510749,85.87369750219852,0.5455215442199677,77.64672246758674,0.2612307226338155,27.324211245284527,9.788422337967306,1857.6641354812737,99.5211119602754,23.5354134306749,315.13,5772.75,0.5355,20.0
1256.281733093669,5.5901515043003025,73.79150402348634,0.5560531787824559,86.48809546176109,0.25974132321682936,15.865524782731404,8.782756205801286,1575.0399768618813,59.00543177336402,15.361611291898438,315.13,5772.75,0.5355,20.0
923.0308440732275,5.389777145314813,53.39138071995163,0.3929021555987007,89.58207787140775,0.119889831768373,26.244997311908023,2.4636239478433444,1565.6006796052063,57.17397083634533,14.913172021546051,315.13,5772.75,0.5355,20.0
1983.0010527175943,4.4853167074738725,72.96602424337074,0.21830557696960426,76.86194057705337,0.2412446031254367,30.93788566152365,9.35687022174816,1819.4689738391296,94.39893346001814,20.985181750401587,315.13,5772.75,0.5355,20.0
1236.3782263347748,3.272943817741999,64.52101230640794,0.46388469073704774,75.25412891616666,0.12406553960080591,11.820097555918377,0.2999133093279882,1482.605923075416,42.29769947250478,10.143721696040553,315.13,5772.75,0.5355,20.0
1388.6134408483704,3.1026094729450677,50.27453924412448,0.24541436396524344,82.83000262674292,0.24886019811387497,37.28155429011787,6.41612808090033,1611.1224400262422,65.17516116761887,14.851595166187867,315.13,5772.75,0.5355,20.0
1793.904719643232,4.075880383183392,75.93520911020019,0.37897639528607163,84.7466234425355,0.24935016886311268,16.015477228617204,2.5872202297062055,1651.5852259934284,70.90489005876404,16.640876302243612,315.13,5772.75,0.5355,20.0
1491.0711547894261,7.681549070824652,69.14815679621508,0.3293911073814834,80.59426307116458,0.18295767049080996,31.50182719190626,2.412675882374633,2062.969478970567,117.70763217171884,27.638982552475944,315.13,5772.75,0.5355,20.0
1181.2110720158444,5.87141870233811,85.72104841237504,0.31020342450440774,82.88615955737353,0.24404277602139415,29.597306037574267,3.674013060884186,1484.0869760574972,41.35617176861912,12.150368289395876,315.13,5772.75,0.5355,20.0
970.5976188666168,3.164901802102748,82.59702543856109,0.49142246744732987,87.8989905005627,0.12425187459763104,18.14473083324562,2.388831589850194,1409.571818285592,13.700434687268984,5.094338747972042,315.13,5772.75,0.5355,20.0
1083.9377916193262,5.6844651680014024,59.225755361061005,0.4238240657097949,86.12597169103623,0.23282347176019436,25.051054030465803,9.064660090204281,1624.437418689174,66.91299827587969,16.937726099441043,315.13,5772.75,0.5355,20.0
842.0795438419045,6.710209872768093,79.56088899232766,0.3147347268894604,75.8153426961391,0.10849181529126016,10.198727904895916,7.04667399329093,1414.801617905331,19.048547344083854,8.789671942607105,315.13,5772.75,0.5355,20.0
1037.0633917989608,5.226148607101495,64.43414608948592,0.3252888427243525,81.67040142153061,0.1124682167824944,28.220535232673328,4.463291575028632,1521.231047842819,49.81942545182396,13.19791394770081,315.13,5772.75,0.5355,20.0
879.0473164601863,6.0863052089393195,78.31564853270606,0.23698365008387356,75.47203787916794,0.12534993749209916,29.171807938021036,2.1482216667929324,1423.7756933378362,23.91074904953044,8.932718520975477,315.13,5772.75,0.5355,20.0
1874.9779389096893,6.826888525046883,55.84973188607387,0.547973578790995,78.66785048777625,0.2814180344521312,17.891888299673965,8.398487581128396,2920.345256729014,185.31820923200394,38.33528009967394,315.13,5772.75,0.5355,20.0
897.2726019795501,6.89011539944096,57.0750665111303,0.40237587719169443,85.609272216788,0.10926979317796191,34.12256457905502,8.530862306433978,1592.0056184980842,61.97916612692856,16.842278076967226,315.13,5772.75,0.5355,20.0
1598.9665579005873,3.729785997567039,65.23529963745952,0.4851544558988793,80.08051368055396,0.23427677410345357,22.729847169576445,7.457353608813165,1624.1725812317682,68.02330969462805,15.619645673681335,315.13,5772.75,0.5355,20.0
1737.7534541159205,5.705720043447913,99.87934515751334,0.46691277033661427,77.78122718085562,0.2677594034724846,28.148294383947217,9.59474507214615,1592.3267141286349,64.17559630018971,15.976190182487484,315.13,5772.75,0.5355,20.0
939.6102025727037,7.340504380271494,43.37144064437587,0.20119931166922034,78.97723681097212,0.254036178573883,26.621791889225705,6.063909412847765,1974.6224061288842,110.33710103097813,25.865266968753694,315.13,5772.75,0.5355,20.0
918.0965564183443,6.059707066334803,42.425079301075534,0.3058229479956279,84.87306979262672,0.19310271722095096,39.38678696553054,0.08540843037443291,1803.4753050069303,90.3006840813964,21.62814652716727,315.13,5772.75,0.5355,20.0
1347.569366384541,4.748339693906024,67.04955654936998,0.2055544029026687,84.09080447977098,0.18680974141559598,17.52232571084399,3.7448781361451413,1612.3025840724895,65.16798488709816,15.95154894371275,315.13,5772.75,0.5355,20.0
1425.4492064913468,3.175511883755121,56.53474963280754,0.23019139845880715,85.99348263289667,0.2164606252912726,10.587154938917541,4.253018315752932,1578.4549847552094,59.44852581387576,13.861117406153435,315.13,5772.75,0.5355,20.0
1735.5265233604237,4.596136658924348,82.56145884896065,0.24065141063598003,81.69459882339879,0.2068806103013459,25.97241246308176,9.143080759494927,1628.8916888255826,68.19867032993263,16.336576490767,315.13,5772.75,0.5355,20.0
807.8504250073047,3.3499815106994,57.46145506970644,0.4424800672399331,81.7836035986261,0.12548701101927098,28.69601454431758,0.5042998198290372,1428.6111591409174,24.05995381223151,7.026608261165263,315.13,5772.75,0.5355,20.0
1681.5285009018685,4.412965993903766,49.658181375683085,0.23266950706770562,85.02604086229604,0.14943378569188587,30.64153892679282,8.847235861314774,2107.980280688425,119.57016588145409,26.377954863700058,315.13,5772.75,0.5355,20.0
1943.059553511205,7.577546891568688,42.57906468156684,0.5243167306416142,87.5207789661547,0.11400903931403564,22.653801083447995,8.969473116049315,4855.691250215109,295.64720394632684,55.273964620190974,315.13,5772.75,0.5355,20.0
1682.9308212666765,3.9791424359926104,66.65386977687305,0.3330150927901118,76.85104239410211,0.2696619058534976,32.36778843257456,0.5326319485514686,1670.2257946851178,75.81508292912224,17.075135582024608,315.13,5772.75,0.5355,20.0
1996.6326855967748,4.42906079821269,46.822256333664626,0.24280127256789485,77.93393235072146,0.23294629033736033,11.22505253031843,8.279742244863634,2556.5674001107614,157.47241843262123,32.88031647717401,315.13,5772.75,0.5355,20.0
1145.9027607803312,3.1112107121261747,69.2250504676669,0.47391933768806244,79.21835082348468,0.14197364557974473,23.82491157580221,3.1328902996617813,1448.0014865931225,31.495261196644524,8.171725685390728,315.13,5772.75,0.5355,20.0
1922.9882971460054,5.060130063462541,52.43322094904833,0.2789659875589868,76.70644734360603,0.136752574609508,35.537820623979144,5.538781354836544,2461.344742417644,151.80193719945746,31.96570826188168,315.13,5772.75,0.5355,20.0
1222.4395450483335,6.057469504650953,75.30579914797943,0.31344198310959054,81.08742137071927,0.1577641902876711,18.067230827851578,8.751342378429861,1570.1555416433557,59.26858809837842,15.535653239069179,315.13,5772.75,0.5355,20.0
1476.0726480581084,3.275910880396218,40.93182644209598,0.31802547758917105,89.33463699403815,0.24874432007651917,24.33380270499312,5.116896433122392,1847.2986180301227,94.63933339321669,20.830759725720522,315.13,5772.75,0.5355,20.0
1010.3244680467324,5.522086134696313,60.53765628398285,0.554392152212936,85.17342234153512,0.16277670165362088,17.185975623106707,4.565429662760203,1554.9557027183494,55.71391295568638,14.639638441888476,315.13,5772.75,0.5355,20.0
1577.867157776833,6.723862689002907,79.64534412428067,0.539275074600976,78.26063591461406,0.14251659590612728,13.92039351146248,3.7895737967543064,1793.8286484903479,91.84902467099539,21.83179464721712,315.13,5772.75,0.5355,20.0
896.6194145715102,4.7748037558718055,66.39921924525095,0.33043249612038256,87.71314351573437,0.1712401925799873,21.35452827542592,1.7697363447021464,1449.265423881815,31.13715781629623,9.53275075594049,315.13,5772.75,0.5355,20.0
1598.677575115515,6.175516002190463,87.68105937501554,0.3484631968010771,79.09665127331739,0.14033977276149495,25.76982334148326,3.1380957233829077,1662.540276533145,74.34139366337592,18.32838559130752,315.13,5772.75,0.5355,20.0
833.4987734611957,6.452257116746322,57.471132964409136,0.3938527892289534,85.76061948680454,0.1127291145848748,28.713738946564437,5.195619419056232,1521.5990711877066,49.24141541070672,14.14276096806705,315.13,5772.75,0.5355,20.0
1306.4178240051401,4.873686834379934,57.482972673643786,0.2993690122072523,87.73162215285339,0.23928754923927595,18.14797427047815,1.7611818995961737,1716.4546610309612,79.23496593241534,18.8552289487948,315.13,5772.75,0.5355,20.0
1912.8437571875343,6.283621570324469,95.41524733781344,0.4811960678084665,82.78695978339717,0.239065852178195,35.20238372371948,9.573260852855359,1775.3479614512198,87.42600994224853,21.16092927963633,315.13,5772.75,0.5355,20.0
833.0907532159453,4.061046853473556,87.35905092053753,0.5642383944277155,76.96212640110194,0.24714075835790886,17.109656473991393,7.572348109158595,0.0,0.0,600.0,315.13,5772.75,0.5355,20.0
1271.5087506586237,4.991819235972163,49.19960712458989,0.3122820957609279,88.41893628970507,0.15481811153971628,36.105789856535594,0.7948185777376104,1860.858560782056,95.94505864667988,22.164314827428083,315.13,5772.75,0.5355,20.0
1288.3217009365073,3.6685730765741607,46.78588738770977,0.5665500551606016,88.11693705198999,0.21746788209808182,17.78225845072635,0.6605608510981476,1691.241991705835,76.43768319159695,17.422752007254232,315.13,5772.75,0.5355,20.0
1174.4032309512188,7.800868067169022,83.98370269035718,0.3078534180889622,79.28235269542176,0.18079514049448903,15.29375348235004,1.746695845523416,1553.394364388031,57.451789024447436,16.292362489010745,315.13,5772.75,0.5355,20.0
1460.1636337348352,4.679352549369625,92.85071057758512,0.26094177548057773,83.43864233709579,0.13222944154086091,19.264047733015488,1.4654895999292328,1493.8585443906447,43.43192056208156,11.677566156777472,315.13,5772.75,0.5355,20.0
1389.6551946946706,4.517735716934603,85.83125165789374,0.47560849813152023,83.43385818882318,0.1475832830602982,27.541483349018282,7.8792970245717795,1496.616812785235,44.08772517367529,11.677596619377272,315.13,5772.75,0.5355,20.0
864.7614684617632,4.955760567486853,95.735945925676,0.5326242075323637,83.31828317177924,0.16382198475358528,36.404490233191225,9.079832854106174,0.0,0.0,600.0,315.13,5772.75,0.5355,20.0
1587.7361448446954,4.948265934667333,75.39543879056669,0.2680508470398056,89.33416508167149,0.21444405443856113,28.3304517029446,7.7629027965727335,1670.52463206251,73.02028574482866,17.73166559474478,315.13,5772.75,0.5355,20.0
961.5677823084314,4.985595388882565,42.68235879401123,0.2554116261088636,79.61253454954202,0.11759976549580081,27.108048996454823,0.2220208876229679,1699.7802691566976,79.03480107640044,18.493280724908995,315.13,5772.75,0.5355,20.0
882.4022754714092,4.480555229058598,43.59183400860202,0.20613240185398485,80.54919380036584,0.14254320230596446,19.74682575415328,0.5298371837369298,1579.5854435705166,60.76484997336779,14.74038742757489,315.13,5772.75,0.5355,20.0
1729.676055511824,6.158641672892858,88.54461619191348,0.5986903497452586,88.0119777610715,0.2654671973806484,13.805861525383257,5.97670175346888,1736.9374028506693,81.92040895088472,20.189077197117708,315.13,5772.75,0.5355,20.0
1726.4524452658286,3.360477724474983,72.50980025013295,0.287378540485353,84.7851097164623,0.23388229814356512,33.14650665546206,3.5245843636841845,1574.6334927903733,58.94564406700445,13.849121673081056,315.13,5772.75,0.5355,20.0
1483.623400072428,6.417055775078339,59.34397530825322,0.2841793342880977,85.85626492381802,0.11153601555949409,38.28995192474456,7.233522602636404,2106.2581145197537,119.34582503402366,27.572014192555045,315.13,5772.75,0.5355,20.0
1294.9112837062594,5.746553760143231,67.45823007451747,0.24018867639480607,78.89651934383777,0.10960689204516844,30.232959432351183,0.41064124752114295,1661.1585451710168,74.09222551168949,18.000145401696628,315.13,5772.75,0.5355,20.0
1098.016905664038,6.544573979012374,97.46104204515007,0.31423265547081997,77.7412054245072,0.15557688332642572,10.401455040543885,4.936044873445117,1429.4062493603644,25.964337702776508,9.758802872388129,315.13,5772.75,0.5355,20.0
1850.6829865031796,7.0635303499113515,86.80271759022222,0.510643909462874,81.6771307832484,0.28149663513121015,30.52570033321877,5.453777737210661,1957.0719197909305,107.41179438254724,25.349467094416383,315.13,5772.75,0.5355,20.0
1913.3743759280464,6.842395755812828,78.20375518712324,0.26959872785765543,78.70235548182846,0.2415947322648864,13.383900876127976,3.225714821512402,2147.6319352126375,125.66847406079077,28.513319464439217,315.13,5772.75,0.5355,20.0
1893.5659848236448,7.058798331283365,48.709645010199864,0.4824487577114557,82.57585095600659,0.1053787051718531,19.743813432865885,5.4289362671947226,3660.2175947536034,227.57211879841776,45.8148959449198,315.13,5772.75,0.5355,20.0
972.1159682687974,5.012253992354981,74.87683546479317,0.3780984591172183,89.49383566910348,0.14911509497000527,36.30199756881418,6.29029022233342,1445.1113696679047,29.746745140705265,9.48162770406992,315.13,5772.75,0.5355,20.0
1899.4103324930402,4.78147791065053,57.95137697734663,0.22724802372018948,83.72303877023099,0.28077140498348413,10.034776441837117,9.7289529414446,2176.7167299182406,125.51110217165302,27.72699454242867,315.13,5772.75,0.5355,20.0
1009.8197437159322,5.455550919959022,78.38367104101863,0.4591686421337429,77.89985634384531,0.13019267740087398,25.05113171268946,7.593346010458639,1449.9701407489265,33.05499825922441,10.090688731092287,315.13,5772.75,0.5355,20.0
1136.1505102314895,7.552904505387188,99.64731857033632,0.29973511312451706,84.51064012307776,0.16843084847764403,12.010756602619722,8.208832285728217,1443.5278422329031,29.729112287627572,11.563105742831208,315.13,5772.75,0.5355,20.0
1398.8020740518887,4.527210289890214,50.11616181021179,0.5755595311603241,86.03179292021754,0.2077099834314015,20.790665500897042,1.6606662080316748,1857.2233834740236,96.54977148301572,21.749474637529634,315.13,5772.75,0.5355,20.0
1165.8451368084927,3.85483579172138,86.107755828459,0.40179977488088187,76.69265904621187,0.29872326512756997,28.90798815500167,2.3730232660705397,1433.1853896952134,26.74850638823757,7.742545872076227,315.13,5772.75,0.5355,20.0
1560.787521452587,5.319283928061029,64.55122277809483,0.5652607506412728,81.70266902856798,0.1832213079912995,23.621242709786664,3.343145450232654,1837.7737080805177,95.21060318129388,21.851632202509016,315.13,5772.75,0.5355,20.0
1340.2031839850242,3.4749755378544416,77.6056046250949,0.2938407458887938,89.13208596304008,0.24207422045443147,17.72650825989751,8.335630187477332,1472.0075236546993,37.591123365686066,9.783580130169865,315.13,5772.75,0.5355,20.0
1417.461991175465,6.656490656445228,49.67178160423576,0.391040544041271,80.00337796614832,0.15474225991781385,39.558823015365334,8.326997804127338,2399.4303809597473,146.48785646546273,32.01295626114303,315.13,5772.75,0.5355,20.0
1585.6654408153042,5.683165656332039,60.10678251660571,0.399484878013044,75.44496203041345,0.2556022974651889,16.702699195143083,8.036914351082062,1993.470543198709,114.35744294893827,25.08047562483439,315.13,5772.75,0.5355,20.0
1777.1138194791215,7.878833085956128,55.2207653992144,0.2151725936898946,82.96622045790683,0.1974239223737252,36.00818274416331,4.630349985838445,3355.535425595618,202.3468331375122,43.9890799389173,315.13,5772.75,0.5355,20.0
1722.750561774686,7.3717298706217225,61.49948573456642,0.38939536217198456,89.54178767211023,0.17525876456525172,26.641483610600368,9.447626929927225,2642.043105656945,159.8866137037087,35.72514584510953,315.13,5772.75,0.5355,20.0
1816.2431016965957,5.576228895061273,99.37450304016636,0.5705534714939692,88.09124000743928,0.2954779523050376,20.06128505216187,3.0940775611730196,1627.212351288702,67.05548452787548,16.946592460769157,315.13,5772.75,0.5355,20.0
1752.6652136514656,4.193187878860839,79.0982476763794,0.28458126507200915,80.07188159043451,0.2893458308547996,27.013815719206917,0.7448065587028296,1618.7214363436094,67.09510739429683,15.768899539459255,315.13,5772.75,0.5355,20.0
1129.4872988918469,4.623206709129541,93.44182745604928,0.4069645620101515,75.25587249445098,0.10377254494439861,10.731988882859968,2.619523964508997,1425.849306496748,24.188794894293427,7.818873264535808,315.13,5772.75,0.5355,20.0
1961.7008207910742,4.078007188686662,69.38907208460198,0.2642975628663548,79.51652966260286,0.11790810555436093,29.715861050677827,6.309775277312916,1790.429928446687,89.87509218055654,20.093795558654442,315.13,5772.75,0.5355,20.0
1738.2568926398558,4.222911965932413,53.15855366671382,0.45173198473961135,88.42389654565085,0.22265158588144218,10.04818765161556,5.9839143991874,1998.77927058999,110.11947452815579,24.318465472080664,315.13,5772.75,0.5355,20.0
1381.9078742635975,3.0320046702948025,47.65217063954572,0.5256218083005475,88.97969681708325,0.16129892297376733,39.55890718500312,8.953663944190884,1629.022098256269,67.53062541478114,15.32864181593411,315.13,5772.75,0.5355,20.0
1261.6651630576005,4.130755482042277,77.55164977252804,0.28445973981485295,87.30800691418328,0.23858394515325965,36.137226230983615,0.9772134918178343,1482.324649696094,40.26724804874769,10.757690397853857,315.13,5772.75,0.5355,20.0
1501.9915705463713,5.631769391829613,48.46889626279499,0.3091748718406262,76.18014685581919,0.11229469555135646,23.36599813094979,2.3009665838479876,2260.079440260107,137.2989858006687,29.408952303694637,315.13,5772.75,0.5355,20.0
1507.0097410879382,5.8627256626917035,55.31317568344541,0.3564659334581691,84.13403715551303,0.13146033156932707,38.13647632517409,4.356014992330197,2125.1504834974194,121.85883514073555,27.500541495403663,315.13,5772.75,0.5355,20.0
1114.794752450813,5.941084980622706,98.43206579767448,0.4058417216376934,80.29107543369753,0.18170161154253578,15.145750336568911,2.7881998461929447,1425.747672723425,23.4491779661707,8.987744870739395,315.13,5772.75,0.5355,20.0
1220.635773378523,6.42669333547238,72.0862503754546,0.3881307886130192,87.59064145830371,0.204742175053448,14.382338724754216,0.9303709072385169,1627.0800631416919,67.06570477267151,17.54261066139128,315.13,5772.75,0.5355,20.0
1583.6361366523133,7.902452135315813,65.68343959782115,0.26445929252143763,77.51040864068348,0.10797761292722885,12.61483543814313,2.7418915382501288,2327.3555716512983,141.50102041751973,31.885080075535637,315.13,5772.75,0.5355,20.0
1808.8426548424213,6.032320483778965,96.47961541948129,0.45549255601376853,89.1069976231456,0.11666885030003503,16.325016282841027,4.239810146978995,1687.9335602936412,75.44062454794151,18.90861510149869,315.13,5772.75,0.5355,20.0
1195.5787201122998,7.766985816284774,56.77967376295564,0.30164573400916567,79.04342859618633,0.19030202704662566,26.30317821689913,5.345075824879604,2011.401470636933,114.05044808191977,26.78840784098932,315.13,5772.75,0.5355,20.0
1552.5385081805052,4.425084106120233,88.38801297587908,0.44891140848328875,79.33578172410358,0.15989229755288845,21.870101615634677,3.2010721490870164,1520.5453642412617,50.12884622595229,12.590528223017973,315.13,5772.75,0.5355,20.0
1048.6714575514566,4.62289597893672,94.78328130895825,0.30649618105370335,78.62361005313149,0.10301298416407585,26.369887272683084,1.2861558906787252,1413.1082372881758,16.603705220929506,6.749128720956522,315.13,5772.75,0.5355,20.0
1523.1329610217008,5.65902998566033,95.10608125502043,0.3079903456782299,84.56425363486237,0.15029185586228613,18.291139665343795,0.2712930981446804,1547.4829063079937,54.30138374465826,14.487304635701348,315.13,5772.75,0.5355,20.0
888.6003423891738,6.300963381781662,61.12288734518572,0.5517467465248134,80.04347478645003,0.10937653836523123,26.31054959471141,1.9650344874177883,1514.9023863375883,49.26918984674747,13.74841139620783,315.13,5772.75,0.5355,20.0
1669.942619937905,4.60770131824461,84.9698004731053,0.534529071909337,80.86952557575081,0.26586678738819597,18.07785880989521,0.7101105019284726,1587.3492304895406,62.05565950417743,15.06889144161715,315.13,5772.75,0.5355,20.0
1257.6477425976605,6.742124989745168,90.94319783986751,0.468907976495421,82.7837956211732,0.16731954713436076,13.681381846063339,9.46183020565745,1513.0889031770919,48.08356187454668,14.035309530360568,315.13,5772.75,0.5355,20.0
1207.9405872403704,3.7445379265169096,78.93598944784867,0.3018315366196331,82.42386242057793,0.16569554816209847,38.61440917489115,7.710016471075354,1453.2517631802295,32.78773097484714,8.95664525072294,315.13,5772.75,0.5355,20.0
1767.4332182246383,3.73972482019248,74.64785890725368,0.47773735456373384,75.1239816785696,0.25250472437406507,20.697459585979132,3.7219284252651788,1599.6557854842902,65.86291428732436,14.874122121047973,315.13,5772.75,0.5355,20.0
1641.0630614110669,4.757524246981479,86.8007953475936,0.22642894191914273,78.17292869867433,0.1787116300492884,19.254659221140763,6.1150113070567045,1574.644438955893,60.675734622078856,14.763169875270712,315.13,5772.75,0.5355,20.0
1176.1273433124895,5.560837592964491,76.41663723918626,0.5880745664519236,80.98128314656584,0.19194834387180548,12.519440500575751,7.466204005908735,1517.570522138895,49.349996476634345,13.295949077070699,315.13,5772.75,0.5355,20.0
1280.8382483386122,7.768143324485842,61.79390902724198,0.21460507420283,79.8943165957599,0.24487269111372909,13.88045491279345,7.4046232523314535,1996.922963256085,111.78748463348502,26.570575959231817,315.13,5772.75,0.5355,20.0
929.3586451064976,7.991041657551852,73.04727138196296,0.24599076051246138,80.30732281344947,0.2686245209714928,22.474506841110724,2.6152360961322865,1498.0892901432146,45.88707784997597,14.447917883338645,315.13,5772.75,0.5355,20.0
1996.2517331613851,3.968057935485767,45.15577125600561,0.2256442598910291,85.07367975162457,0.10533080565365004,28.196270223079836,2.7818973462649064,2452.761553091121,146.6083000653101,31.291269235104135,315.13,5772.75,0.5355,20.0
1832.2861318354614,4.576455786189508,94.34919345413084,0.4261314346778423,80.72151287640072,0.15120626919298658,18.63711147500658,7.088653824570269,1579.7945408160958,60.76482131403495,14.808929750781678,315.13,5772.75,0.5355,20.0
1054.2299781602578,5.85076275268479,84.54312987242011,0.35919495436954296,79.44939430762658,0.15939557110208685,38.87132235403719,3.19528322927072,1448.5184846141403,32.266140788619545,10.34439971922732,315.13,5772.75,0.5355,20.0
1372.2122213488221,7.6262982265763615,77.91744131674784,0.534377581145498,78.85928210177596,0.19079731246720372,34.84964942338567,0.9860385692879359,1749.3481493466543,86.47928546248086,21.46040439150152,315.13,5772.75,0.5355,20.0
1151.7499345921146,6.260282763393499,65.25629297894199,0.3213192003488078,75.00578105245131,0.10641833995542459,19.86037862108337,4.272570738363672,1625.8690120812598,71.18579402879936,17.353696276952153,315.13,5772.75,0.5355,20.0
1153.944917425916,7.187829909946738,73.47364766553937,0.5840383581144735,81.74927013140119,0.10756499679028,10.340045839504775,8.681197935265107,1610.8604632664353,66.07733047198198,17.60693744225894,315.13,5772.75,0.5355,20.0
1546.9891506548197,6.157127460087759,82.63063548050474,0.30001800373012755,77.11613657032632,0.1767308176003675,31.5139703888249,2.618686455067556,1677.6243314988405,77.37490118585819,18.708602811674417,315.13,5772.75,0.5355,20.0
1753.2790700471635,3.1551066606480482,40.05946659799253,0.5832199940318951,88.90905546226277,0.14809021692640595,24.727412226090145,5.488533874426635,2032.6775028115026,114.64179043132295,24.213133593470836,315.13,5772.75,0.5355,20.0
1052.2556223137015,4.977680644555402,93.49098792613889,0.22803663698211532,75.5869857852042,0.17203562857187357,35.73847456897353,0.7018448341646011,1417.891280630875,20.158271955235328,7.481128735832224,315.13,5772.75,0.5355,20.0
1206.4242374266958,7.082977895103454,67.85730246867323,0.4502401390993896,80.56878255226634,0.24130769127323984,39.001922454867625,7.591708372892487,1711.8199979350325,80.72810813389113,20.205901391521525,315.13,5772.75,0.5355,20.0
1962.013070497132,4.200857106708552,68.39595391776615,0.554738514278868,79.65479034450325,0.26383967574788814,20.832935990283744,3.1923630501864855,1825.3382386997878,94.32867225304997,20.891478726375436,315.13,5772.75,0.5355,20.0
1453.4153582996255,5.56118724647422,54.45999858368887,0.3690504671011012,77.21407308288089,0.18259494905588022,14.666141211304579,0.6398140586324819,1990.5329683944108,112.8640764199532,24.964139293755707,315.13,5772.75,0.5355,20.0
1436.8668072415198,4.239058267685902,86.19383192766432,0.3149654579861747,85.48629959268747,0.2231581288540419,26.479891341435746,8.233215397597357,1495.2097143266656,43.45828076161822,11.419892331492854,315.13,5772.75,0.5355,20.0
1229.5144272189325,5.603562187775724,65.81496052903194,0.595403543928271,78.93002621620273,0.189945632146081,24.39528725561734,6.71367561120716,1626.2965303049673,69.22891554513711,16.907299225575777,315.13,5772.75,0.5355,20.0
923.5282430681061,7.810959752806986,46.56594512127167,0.44936662048181597,79.84226469188013,0.20710520889357625,27.771033127566458,4.31642664189546,1902.7953669528088,103.63680089377019,24.769279721023103,315.13,5772.75,0.5355,20.0
818.7187659241579,3.3432672488814026,65.09825071250836,0.40661241442263696,83.36597398797434,0.15110843170623967,28.08083072257719,7.40312315053141,1416.4085762773461,18.090933835376205,5.977745683329955,315.13,5772.75,0.5355,20.0
1938.6841553885185,7.318924722161597,72.4877350505071,0.2188198892241039,75.73428317757902,0.2545602033045209,10.093623148873032,4.390868653022382,2443.2033907110913,151.0792741090818,33.16365006754859,315.13,5772.75,0.5355,20.0
987.5533611132734,5.831871373453479,82.77269018019358,0.3192530231744341,87.76972471691786,0.2847151783115305,24.347246935934553,1.899042249141235,1436.4128680889644,26.7718283054331,9.638939080309523,315.13,5772.75,0.5355,20.0
1141.406397891903,7.736939637497978,82.83753978326659,0.5418840023677689,83.99930380548645,0.23651782660667195,27.91833442870516,9.656231645748464,1545.157268601542,54.261914237475224,15.979827228816102,315.13,5772.75,0.5355,20.0
1965.8374182691443,6.829243769620175,57.59762235744007,0.5205771741630281,86.68033458800008,0.19262151931728877,25.408743375443542,3.5043814625906844,3064.3612385532124,189.6467263806316,40.06709101015816,315.13,5772.75,0.5355,20.0
1207.5677505894269,5.873072162121666,78.39978067803636,0.44486823920551166,83.20138573279937,0.15835039739802234,10.323335284703045,4.485939997596761,1533.5087558111668,52.01085965543131,14.138411195803979,315.13,5772.75,0.5355,20.0
1570.8958191882232,6.015280767086441,89.21754095369474,0.3202470758802469,76.21242894694801,0.2554841937059586,35.02854844824859,2.7956040525487627,1616.9347224491553,68.94323698439374,16.934129690684625,315.13,5772.75,0.5355,20.0
1787.153601524855,6.490205295027722,90.65192502079432,0.2733039744531399,85.88972146640775,0.2677664832248192,35.25650575366786,0.6426512930576589,1785.4940768480176,87.60000357847558,21.548371848264352,315.13,5772.75,0.5355,20.0
1670.5244033020983,5.400327986001717,43.128553536368926,0.496843339829805,88.57862253264479,0.24363408267070216,10.58875031639879,1.726610518961742,2763.504095535766,171.7105374606155,35.79109363003032,315.13,5772.75,0.5355,20.0
1640.924065077238,5.511971188677412,80.4285481623061,0.36619744539212734,89.96936033343245,0.16989635849485837,32.12896729410356,5.845722614237321,1706.9188486869828,77.87957547697047,19.03927119157949,315.13,5772.75,0.5355,20.0
1080.9257652650365,7.376763986547227,52.82838016922433,0.22270468487047795,76.66113951788519,0.18078267854404603,21.889077846609347,9.1314454731233,1893.5530670681853,103.72790590113375,24.353088031708175,315.13,5772.75,0.5355,20.0
1119.3285889462736,7.918547873695064,44.95558087195937,0.26624626372193455,88.04808022670016,0.16563773611221416,16.72519157331232,3.0634058832205477,2423.065884720966,144.38820907926717,33.24171509960387,315.13,5772.75,0.5355,20.0
1298.899939777085,3.3291718181301113,57.068352526518716,0.5196874872312862,84.89988963930003,0.21316534466743076,28.87733446835805,1.939762923534637,1547.4305706481935,54.26418383500434,12.872344949477474,315.13,5772.75,0.5355,20.0
1224.6242846723594,5.336377491599833,84.57024219529214,0.33738546308637274,76.08343744786272,0.2404345873262081,29.70857767020358,0.3661813522823809,1482.7896947826102,42.90609068962476,11.648349767954132,315.13,5772.75,0.5355,20.0
1314.92147693711,6.081309198820756,70.1515376599977,0.4184553878930434,80.99612413684221,0.2782325844484922,14.552345880182038,6.927471247654173,1675.6724468315354,75.49900773506097,18.6067657577296,315.13,5772.75,0.5355,20.0
1396.012706992683,5.5953698926185425,67.57086584484146,0.4899149927739574,79.54998932259369,0.2255780357113905,26.739024859034867,2.0163638082181,1709.3169837486248,80.551636932313,19.120803641569783,315.13,5772.75,0.5355,20.0
1746.5531598696334,4.896265581443527,42.13399173642503,0.3860175614326552,82.33257315848356,0.27333754323627535,36.562980580953365,9.908631653922097,2706.4227724195325,167.7983091599685,34.880657869804395,315.13,5772.75,0.5355,20.0
993.7577117885844,6.027065234486282,75.15499856419366,0.2671951080566804,77.85925177276519,0.13220619188879346,32.13707958872301,2.222467216355455,1468.9403543596477,38.90894918515794,11.547248234658362,315.13,5772.75,0.5355,20.0
1809.1849266940796,4.120287271000036,41.44668818070606,0.2700972784871224,78.84961634764737,0.2654538304405457,15.165458544064816,1.0843858842088916,2445.045944071014,149.4425743682976,31.18196140118243,315.13,5772.75,0.5355,20.0
1456.6498017290642,3.4994141925099442,78.28708379533356,0.45830159592202546,77.9590371738154,0.2695503873129711,34.54686902796164,9.60996419509269,1489.5388513809391,43.36681448671546,10.630796427860647,315.13,5772.75,0.5355,20.0
1262.068792431706,6.29312209754517,49.47882249834737,0.4808711181688718,84.28758820715993,0.24127541033231364,37.40402733298413,2.612742303072352,2087.7225960686224,119.41965985385465,27.094250514656586,315.13,5772.75,0.5355,20.0
831.3055686786354,3.130439398238142,70.1918085618308,0.2665794785917467,87.8151284218381,0.1902281802210379,24.279347147484877,2.4309948009655336,1409.5869901619785,13.710905292852306,5.0667321888430665,315.13,5772.75,0.5355,20.0
1313.6218169305816,4.758877480503923,52.907959840839034,0.4082102613006109,76.80185782944234,0.12245652589417935,13.897890160053844,8.862577434088792,1757.2630178233458,87.69916782178494,19.71484339369729,315.13,5772.75,0.5355,20.0
1352.9120797794799,3.0588921951633754,49.51474754247346,0.28875096563152264,78.96216700717295,0.22899860059046712,35.40808790345406,0.441178825639269,1594.7225666780168,63.498264992944364,14.305007058354493,315.13,5772.75,0.5355,20.0
1808.9143910020011,7.703393870517292,67.0247260043227,0.5028838995557973,82.04522079498369,0.17638947477200756,29.218760514955115,6.164531829500951,2604.3577061203982,160.2387263198193,35.367118152885254,315.13,5772.75,0.5355,20.0
1194.636238986627,3.6580458852172755,49.97116986923259,0.5265993203239965,86.19465217549329,0.18129936765037788,10.730928326446111,7.584889543554661,1600.8835605719041,63.34603992140146,14.870742167348666,315.13,5772.75,0.5355,20.0
960.4801156867392,4.8459574098698095,80.22271547531838,0.39422943284986695,84.4843262762963,0.24304762459574428,33.48926424989993,2.1920269171177162,1425.7234603436327,22.687869934664235,8.046617202821382,315.13,5772.75,0.5355,20.0
1489.5545294272415,3.148746757883828,86.30451669852857,0.21484521807195622,76.16482839331321,0.10734368140699507,30.91858313110383,8.780982715246397,1456.9530234824972,34.87200243727343,8.724693137305689,315.13,5772.75,0.5355,20.0
1873.9826258559517,5.599305865175836,95.95578863184734,0.4731659690310488,78.25900639197295,0.13936637652428394,37.22044425353711,5.526890825509833,1667.793115476808,75.3470727123717,18.066335497107087,315.13,5772.75,0.5355,20.0
817.6819124206063,5.221886462168339,62.95145864004019,0.535691543513318,75.08731740410866,0.24520945801841812,32.04121466259307,5.019384010486329,1445.3814343728109,32.32616298560549,9.616528732192128,315.13,5772.75,0.5355,20.0
1690.5723761118677,3.4227176461027438,84.58289493430142,0.480384854743191,85.60108005993384,0.2040295064623761,23.18225369011581,0.6318938467429369,1511.4785505513225,47.021375591407846,11.547107719324345,315.13,5772.75,0.5355,20.0
1926.4078077016989,3.8832376414407346,87.221423586175,0.21819505781089288,77.55146103903351,0.21066846564672598,30.333615866422715,6.956030204138916,1584.2928158823518,62.28387359560855,14.497133016083415,315.13,5772.75,0.5355,20.0
1266.058278071553,4.6603336901987085,84.23202279154417,0.38396758707120593,76.746454239767,0.22924447250231086,27.805892712579798,5.892530127851762,1474.440424308392,40.23328266530844,10.745193766838991,315.13,5772.75,0.5355,20.0
1093.6817157850396,6.1327185645043185,49.64463382816026,0.36065343121329974,79.97895922342363,0.139942777813407,37.84372320393781,4.230460594230107,1832.0013831046008,95.20916424136362,22.264470049685123,315.13,5772.75,0.5355,20.0
1339.9133792686575,7.805855957189871,58.812013604564285,0.38486793568692024,85.19869591282801,0.1391785800248692,21.799053718546077,1.042058599114527,2200.7042124088093,128.0500220198562,29.92725488936262,315.13,5772.75,0.5355,20.0
958.7401861284974,6.8348905310125465,66.01719463207438,0.36392667394646294,89.246443654205,0.26624410319149566,25.18046610260663,4.775242886329307,1541.1969767132084,52.727788256532754,15.152627855457691,315.13,5772.75,0.5355,20.0
1189.0601756434648,6.600480174075953,65.6586146254721,0.3538972311390416,75.90480807994828,0.12697694152141084,37.85273658511113,9.12840183709749,1675.5558556585863,78.0835244149781,18.94464105665685,315.13,5772.75,0.5355,20.0
1558.5747948919882,7.651734517053909,60.443800199903386,0.29898650991870024,80.62489480219999,0.185912960556435,11.981905401931552,5.373941100703162,2453.8987394952546,148.9884626033573,33.478354978361786,315.13,5772.75,0.5355,20.0
1858.6610459200267,7.423543549059525,85.34627104977918,0.29184760579861885,75.5557905669831,0.14437498950141728,17.55628974685872,0.9513707150487971,2021.7530786039865,117.07054578519907,26.757241875998368,315.13,5772.75,0.5355,20.0
1781.721966179178,6.077891993714186,62.33699721430248,0.24460533758677624,87.28637090573507,0.16742861510432422,23.085426989600833,7.148571447538437,2305.650783066656,134.89533605430427,30.484609976389496,315.13,5772.75,0.5355,20.0
896.5212928200699,4.596679722796016,84.87574418924639,0.394406144338205,77.29746966144305,0.12326441327689648,39.812997648952894,5.230347366532831,1407.6847805979517,12.531596576210571,6.14358917178757,315.13,5772.75,0.5355,20.0
1287.1671579924493,4.331688899390158,84.15128088770743,0.5986478767823702,85.45598344159136,0.2093997833472908,31.405035683815207,0.46789776654405757,1472.0618665983025,37.84380945290969,10.40447662805268,315.13,5772.75,0.5355,20.0
1078.6389812957455,5.322952415828308,94.81249177251168,0.5400597459949448,79.18897601503295,0.2778137841004238,16.869379623705417,4.433886932627908,1421.7056098046423,21.589621214095004,8.127622974673606,315.13,5772.75,0.5355,20.0
869.8206405926963,7.017654002929326,43.84033434371312,0.4924583574952408,82.62171293611651,0.11381709967366671,13.89446382824687,1.3805717434231701,1811.5442910303898,92.44559741900633,22.399284103415482,315.13,5772.75,0.5355,20.0
1880.935377934891,4.2063685752523305,66.91801021063135,0.5564008341784994,87.81256152144036,0.17896645531243463,38.56379423908588,3.0187618536479754,1818.6557808671698,91.66300296811713,20.770070093560925,315.13,5772.75,0.5355,20.0
906.2156456262285,7.870446901219225,84.08940638790992,0.31061566788227035,83.36555987621392,0.11160752109749046,10.976432952604627,0.15662471798791544,1423.514143849321,22.13571613734923,10.616046370780671,315.13,5772.75,0.5355,20.0
923.99097080017,6.915743390251364,53.88845432630121,0.2615907005846717,78.95351067793513,0.28065188857998646,15.374185114131548,9.786693737966296,1652.9664567503141,73.31387675969657,18.589882702366275,315.13,5772.75,0.5355,20.0
1579.8314287228673,3.7231849494484734,70.71297793526121,0.28802170022604057,77.66295043136239,0.17793363681235852,23.97340205125159,9.060078865678307,1572.0868220476893,60.167413905171074,13.98618914188128,315.13,5772.75,0.5355,20.0
1961.4399671282633,7.741756259890099,48.27649708495642,0.5137767910792821,85.12896009511854,0.14482082316384878,31.27055183452303,6.3960744622789365,4329.773553384,264.28468243375306,51.70837774198735,315.13,5772.75,0.5355,20.0
1429.821852796173,4.03452874066842,54.063643124307376,0.5512791379713351,76.2019061169869,0.26430387792395227,36.72793283576634,8.015268682352003,1702.8574813019638,80.94851838908886,17.923476252192465,315.13,5772.75,0.5355,20.0
1336.207676485466,6.155303439702453,96.25053870015962,0.5865809506476386,79.45706984948818,0.23725335359631228,27.227228741564844,4.784901909065805,1494.7896412267526,44.92634422154807,12.821851599917432,315.13,5772.75,0.5355,20.0
1164.7901677957302,5.472341691664441,81.4962688194893,0.35227399339019805,85.93928399119838,0.1717193922805424,32.58302886989081,2.259842891194219,1486.59170635224,41.45389926439029,11.957609755219888,315.13,5772.75,0.5355,20.0
1552.1182848984818,5.555311279366219,67.9778401881181,0.32954246622416766,78.17852639744926,0.17059260647595023,20.936502513500614,9.22147702803201,1802.7932090123068,92.36058108997469,21.27989966342907,315.13,5772.75,0.5355,20.0
1430.0197216718263,5.828940684939499,49.96880779839047,0.5735576518414582,77.26686465253546,0.1661954980202803,10.424808369084623,9.093821843045246,2151.1859384496224,128.93302993714883,27.725497597135337,315.13,5772.75,0.5355,20.0
1057.7101891000466,6.725984717610016,77.66920346141288,0.5893028300726036,89.45063526997106,0.1372733042362932,27.943518110112084,3.002782100528977,1504.3436408461337,45.32636740354866,13.690546837965348,315.13,5772.75,0.5355,20.0
1379.1517000490758,5.018316058546946,97.87048495961888,0.32644470876562737,82.7191815098333,0.1300522800549226,22.261800443826353,3.9630576936114803,1469.226543444495,37.472451688814864,10.782027897387191,315.13,5772.75,0.5355,20.0
1825.8571277120777,3.8829716519172592,72.99414330075687,0.3507675921054152,78.82975940172591,0.228453680027546,26.957400415088337,8.90409236085587,1657.318286335321,73.19200671187942,16.669002365052968,315.13,5772.75,0.5355,20.0
1578.5564808652448,5.408624547502539,61.90398140655182,0.21719500149788168,75.58374045042093,0.17294938796096315,26.97235902686723,3.9538703250950724,1899.7730866991692,104.2145137927325,23.20581423765321,315.13,5772.75,0.5355,20.0
1262.039137539425,7.846164301833666,48.93895436950034,0.5307422908802407,77.0304839922596,0.19257877390249117,14.721365764968933,8.535632515265116,2417.8116791759726,151.7598566309375,32.831884450376656,315.13,5772.75,0.5355,20.0
1373.4269298086779,5.210932678300179,80.47854144638043,0.35523773660363983,84.78372122458498,0.23839383244362053,28.05281418978877,2.198661861740524,1554.3707300928447,55.52017756908911,14.403702297138938,315.13,5772.75,0.5355,20.0
1940.7793862773344,3.7754491006959614,57.15665983418195,0.3145068933525722,77.17190179374336,0.2726243922463838,22.928182758262807,4.295753456671699,1905.9347797420328,103.67713235881322,22.312336089624186,315.13,5772.75,0.5355,20.0
1786.4820266428624,3.4312983889078015,48.75639864928709,0.5548118701551662,76.13249921335141,0.2661393905355265,21.503967698766303,9.598766268040128,1881.9728712052613,102.45436972347933,21.547284295772197,315.13,5772.75,0.5355,20.0
1362.5883970785935,5.878991759243662,82.96661434730257,0.39882443587955707,81.23006791421174,0.15390474214796981,19.433529043717098,2.4936920286008024,1569.0041508679597,59.01164740073543,15.366837240503106,315.13,5772.75,0.5355,20.0
1637.6776893815727,3.952754499611494,85.49178674214761,0.37659689420050024,83.80240948783361,0.11147431829276158,37.2761065408549,9.014018391893103,1529.9054799510307,50.99322944792159,12.637849377001492,315.13,5772.75,0.5355,20.0
1080.6062706159491,6.340175956767542,88.38604301665202,0.42007333123196666,77.68515252980889,0.20012334601478687,38.89240075158692,4.352975724475003,1449.985661193214,33.48905098376611,10.824473521456468,315.13,5772.75,0.5355,20.0
843.8294470525137,3.1751240663370885,59.40563903047258,0.41186650972011035,89.93684130821708,0.22458011743719403,10.001504586558193,8.502943260314792,1427.2325970478894,23.10724452682347,6.791920016685527,315.13,5772.75,0.5355,20.0
1529.7437956830386,5.613781050861136,92.38074040784446,0.26918427299484515,84.33513602932553,0.2958445341747603,24.85482085618175,4.808048496849102,1563.1494496809373,57.13931738961622,14.992536642531583,315.13,5772.75,0.5355,20.0
1439.0681952938635,7.687897988338015,53.793636400734755,0.41580673759656794,87.05304344068527,0.11375618476184411,30.52246045951699,3.3646015160814793,2573.0482573410895,156.26411422009298,35.00039509929716,315.13,5772.75,0.5355,20.0
1440.9075500382532,4.472551654691845,81.77574629087624,0.5659712015795535,86.86260757378871,0.21377388949393572,21.394690184247548,9.09229656919376,1527.5962968445417,50.25816876142544,12.907926563041633,315.13,5772.75,0.5355,20.0
964.6826825216983,6.7968356582928084,57.748284696335084,0.5490298064444081,79.68251590833788,0.13698856086957228,20.61035435999083,2.8022382586888916,1625.6228212334454,69.15515063092563,17.730839080016306,315.13,5772.75,0.5355,20.0
1960.4996240104088,6.440392694087071,75.88926686223371,0.5385218713690088,88.09658276839696,0.2259474797937981,37.76204277827852,8.790724190658617,2189.0439134372596,126.66767850715635,28.872872565949088,315.13,5772.75,0.5355,20.0
811.9124736776135,7.7796652502458175,75.85516778513443,0.47517663671550237,81.67274264500068,0.28820706341764046,26.17463112493678,6.884592259803056,1420.0832246938355,20.81767344682781,10.272795420954832,315.13,5772.75,0.5355,20.0
1570.1958761704784,5.074488982721311,96.04309734990983,0.48376893353989003,75.9543769240957,0.24615219734799285,35.50315121672396,2.2053606196790607,1520.8673806175268,51.553892188793675,13.052960495080038,315.13,5772.75,0.5355,20.0
1281.285566361322,3.0594986313540606,92.73704641739924,0.45002996953186697,79.42233089189074,0.24043983474250555,25.676997632778495,5.013150317483071,1423.6584594375045,22.04313475236656,6.393113546048539,315.13,5772.75,0.5355,20.0
1056.1592424186144,5.742290186235683,86.21795672898341,0.5642648653028148,75.21720336511159,0.1494808742086759,11.592115359269116,4.603215575944474,1441.1719749726556,31.082079502309462,9.793442905503861,315.13,5772.75,0.5355,20.0
1958.0135275571733,7.322592670649627,64.37325295653058,0.29996107788958243,81.90226939214635,0.22352131553653495,16.55457129975605,6.692416051083546,2884.779925286835,176.6400786068694,38.608532366455414,315.13,5772.75,0.5355,20.0
1646.1235812537443,4.134083493246129,82.45858634605297,0.5022213213222781,81.0249779109217,0.24555779031609745,15.350998084633108,6.746340881316638,1558.211996475341,56.907175122293914,13.783501660957699,315.13,5772.75,0.5355,20.0
860.4105616899541,4.735266762994777,74.12818835396112,0.5992460651086948,79.68350288643298,0.28666933373057085,11.608544645291992,4.669950107663188,1419.3907361683368,20.186210817207883,7.425973478359895,315.13,5772.75,0.5355,20.0
1265.9887130488044,6.595018750128326,57.0779067109609,0.3698899288138392,88.05024890404785,0.20537502504025046,32.41233252422846,8.954938751055781,1936.2980661429624,103.72658758616681,24.670043229517702,315.13,5772.75,0.5355,20.0
1072.5033331520146,5.467178360486587,94.23299141549782,0.5138217065077868,76.50558280813664,0.24585057289726095,33.900794822148626,5.038872073646453,1423.0447092208046,22.911753720513136,8.338417047743437,315.13,5772.75,0.5355,20.0
1962.478042629872,5.927358291105008,52.37529728934568,0.37446276060637923,82.60475089285413,0.19307034641861281,36.00760378050853,5.445072922674326,2956.6394915023,182.6215721560717,38.45015247935938,315.13,5772.75,0.5355,20.0
1085.572631554165,6.33553450956164,59.16097129083444,0.2662108185783411,82.24761737244617,0.12316221605258493,19.623851662416747,0.6561388516623279,1676.752483942774,75.15791982170721,18.82289745903555,315.13,5772.75,0.5355,20.0
1368.970242648393,5.346040316395036,76.13678467669257,0.5907215864812254,81.64416534624361,0.16705027806350495,39.63798406931162,0.5829742884626865,1589.0130102894461,62.28803149073521,15.624743168405326,315.13,5772.75,0.5355,20.0
1345.778536148486,4.7922326663032635,58.192063595395254,0.26226943226569144,85.20575319178671,0.205992356430789,36.94674109193814,8.898553624632793,1719.980975799283,79.94583921193384,18.89107739061496,315.13,5772.75,0.5355,20.0
1252.8472158800846,4.567169118056492,46.54678819737664,0.4757870083945017,86.39955383547294,0.14379164303712752,11.207620679286288,6.012417061738848,1822.1344709524994,92.4400135976727,21.052087927344807,315.13,5772.75,0.5355,20.0
1241.269535569373,3.191570022755086,65.29987442856496,0.23676966020574686,75.36054223809447,0.16749740525126872,11.627595728412327,1.4105533276355398,1476.9930916011501,40.75135415970136,9.818607937033585,315.13,5772.75,0.5355,20.0
917.543493389643,6.044790382637113,94.97583278757398,0.5419047242319384,83.59090086483795,0.12280553968483897,33.37818560039962,3.388055324049535,0.0,0.0,600.0,315.13,5772.75,0.5355,20.0
1667.6530914307064,6.688270970915066,90.3756659985371,0.3802008704711861,87.82606943640835,0.2947464843854223,36.61230169184724,8.108085902003602,1734.2852881891652,81.38650568114339,20.502224011948208,315.13,5772.75,0.5355,20.0
1967.7953315588377,5.748316947404302,63.71973465129709,0.4659133002069707,84.08619020516315,0.26095285237661847,30.06277484153648,3.6691309774118186,2359.54644424584,141.17914477881837,30.957218210132368,315.13,5772.75,0.5355,20.0
1322.1019624540459,6.068509033884795,88.4870056796776,0.28142620753414666,87.00718647723215,0.24850287451761652,16.958151400018952,9.16377892421439,1529.8219369903647,50.63767311358772,14.159733450663104,315.13,5772.75,0.5355,20.0
1750.3341019740644,4.867640481880407,54.03637498344041,0.3439138526690822,85.82945558738166,0.21152191503396378,35.31296182095092,6.435622056097627,2175.2630276370733,125.59936442172885,27.709420872878113,315.13,5772.75,0.5355,20.0
1177.9528504767402,7.933381459411244,60.34070077061742,0.5482875689817945,89.23758900497234,0.2731055844827277,22.23949528803843,8.233090471758011,1933.0429456353568,103.79410088373989,25.470923481554795,315.13,5772.75,0.5355,20.0
1221.3931257612815,5.427941856477307,82.24694657019342,0.40757876692211426,87.49678824254447,0.16306650195777506,36.34553851779477,1.7242581707811755,1500.5841004139797,44.54213271855511,12.528741495780514,315.13,5772.75,0.5355,20.0
1503.3386704605275,5.766748223620512,62.23316339124766,0.37837512625946357,78.9030934482751,0.1350540801204291,35.72125555000838,9.357726367231939,1902.9918301889231,103.09514003079647,23.471715708819193,315.13,5772.75,0.5355,20.0
1827.9406716700726,6.737607415341309,76.93640907367072,0.44174555783129743,81.39592698451115,0.10152708684259187,10.431884268054322,1.236361779439018,2077.735862500697,118.69457980591308,27.262418980493557,315.13,5772.75,0.5355,20.0
1698.4089741239327,4.241244078672668,41.97300993649505,0.525780521784115,81.33610714092593,0.17277159086683747,26.05678369814893,6.040022378479946,2322.1387505345615,141.2627356818774,29.37023334353342,315.13,5772.75,0.5355,20.0
1696.8037978475797,5.002680118153613,67.2966321649876,0.49510391188067837,78.12612077310297,0.15739496195835873,30.76107829957494,3.26360643472304,1825.5443489524891,95.11908284378546,21.39210953509415,315.13,5772.75,0.5355,20.0
1760.907346692534,6.4970683133522655,98.72774552701365,0.56128318424195,85.91879810298198,0.18403568838505457,36.982604250910654,4.188916998872479,1683.0177974540359,75.1918184957885,19.095971043605353,315.13,5772.75,0.5355,20.0
1367.8167036890054,3.2509830010895393,41.61303313257476,0.302125424279694,87.34792773105393,0.18851179569036491,19.794158477667814,3.75829293300694,1753.3995010826445,83.98616329089526,18.730737618145323,315.13,5772.75,0.5355,20.0
951.5138277646004,4.794664236437417,42.114418106279366,0.3383806817174686,76.97905226961737,0.2885607271387748,11.387812352881884,0.721872252736161,1672.4847736122895,76.51822111365442,17.64019267371532,315.13,5772.75,0.5355,20.0
1801.432850479181,7.424758468195553,64.2259916367246,0.3578525570409313,82.67592884198189,0.28845620825217877,37.46242942262302,0.8671472358227394,2648.535554980914,161.69410078787823,35.835944403562266,315.13,5772.75,0.5355,20.0
1457.9670469688108,7.6957781730973664,89.15500213987379,0.2760340832672766,81.50563915989974,0.2165361200358664,23.477502360458583,8.456510727719767,1686.6148031592263,76.88438389011253,20.042050700892098,315.13,5772.75,0.5355,20.0
1431.3856870195018,6.289675619737518,86.97491680273194,0.5242602491613535,83.54947168777545,0.19578548897766454,34.79687857914715,6.607945846357617,1597.8638248501816,63.27792470650499,16.576371933003827,315.13,5772.75,0.5355,20.0
1220.9124861860253,5.781881179284413,53.95187413090953,0.5147138183465418,77.77718349132171,0.24951326414852312,29.918754972509195,3.964484068532702,1809.6093031790701,93.96010192601096,21.52307873316798,315.13,5772.75,0.5355,20.0
1169.1336063180445,5.870347124735688,81.53980196959938,0.5110718953323075,86.01864998768184,0.1759854018767651,19.16212140475697,3.2548497049419045,1500.9365990966053,44.79096913776612,12.87874350455765,315.13,5772.75,0.5355,20.0
881.0907064775415,3.5917617483636253,71.53538763273433,0.482191532277249,78.50032452009233,0.23080466020320983,25.601456284028554,1.4120032544561811,1417.223640637065,18.93111521065352,6.247393554043489,315.13,5772.75,0.5355,20.0
1516.2581326178483,7.966868698391167,70.96244303586184,0.4376982408227904,85.39032667281846,0.2599120983457778,15.742762264546494,9.537509528404604,2110.9818768626124,120.32101251940027,28.619536844524063,315.13,5772.75,0.5355,20.0
1921.5875991731427,4.0136812994794475,55.16345984333476,0.5594996547828611,79.78209711641834,0.10271266015156161,34.50939534653132,5.125821913934297,2007.362828067858,113.46070736824127,24.290693331983338,315.13,5772.75,0.5355,20.0
1277.7910142316896,6.299546438810412,62.56932166062575,0.5865472891519277,87.75540758675278,0.16234542596492632,23.412683994197742,8.406757884301237,1788.1046614707025,88.3262433206588,21.43656254664846,315.13,5772.75,0.5355,20.0
963.8643239134849,6.982269263014835,57.55429180458346,0.31424490355525114,75.30019585804608,0.1505772183556391,25.986300174921865,9.972584011712623,1630.4710166927707,72.12076512162052,17.997103569634533,315.13,5772.75,0.5355,20.0
863.4510396578397,3.5415957504433333,66.9126139331063,0.22883681381312476,84.14943817343143,0.1986343681766754,12.220607283821206,3.5906817292030513,1421.4113268152187,20.645111010612485,6.599995929206468,315.13,5772.75,0.5355,20.0
1573.6930698590531,7.5375323316197,93.64712035406674,0.3643724270539381,85.04803164900439,0.2650919056650878,35.614272535479365,3.5486795265684625,1709.6350287614857,78.7673207543005,20.50333568115612,315.13,5772.75,0.5355,20.0
